Dataset Size,Average Hash Generation Time (seconds)
500,0.20735527766616238
600,0.23793048633281919
700,0.26220758299920516
800,0.29719605533318827
